{
  "employee": [
    {
      "id": 1,
      "name": "Bhavani",
      "sex": "F",
      "dob": "1-2-1989",
      "salary": 55000,
      "department": "Accounts"
    },
    {
      "id": 2,
      "name": "Ganga",
      "sex": "F",
      "dob": "5-4-1988",
      "salary": 45000,
      "department": "Accounts"
    },
    {
      "id": 3,
      "name": "Venkat",
      "sex": "F",
      "dob": "1-8-1987",
      "salary": 70000,
      "department": "Sales"
    },
    {
      "id": 4,
      "name": "Shiva",
      "sex": "M",
      "dob": "4-8-1976",
      "salary": 45000,
      "department": "Accounts"
    },
    {
      "id": 5,
      "name": "Krishna",
      "sex": "M",
      "dob": "3-9-1989",
      "salary": 90000,
      "department": "Hr"
    },
    {
      "id": 6,
      "name": "Gayathri",
      "sex": "F",
      "dob": "1-9-1978",
      "salary": 55000,
      "department": "Sales"
    },
    {
      "id": 7,
      "name": "Jansi",
      "sex": "F",
      "dob": "4-8-1988",
      "salary": 65000,
      "department": "Accounts"
    },
    {
      "id": 8,
      "name": "Vani",
      "sex": "F",
      "dob": "4-9-1988",
      "salary": 50000,
      "department": "Hr"
    },
    {
      "id": 9,
      "name": "Vani",
      "sex": "F",
      "dob": "5-8-1978",
      "salary": 70000,
      "department": "Hr"
    },
    {
      "id": 10,
      "name": "Vani",
      "sex": "F",
      "dob": "1-7-1989",
      "salary": 80000,
      "department": "Hr"
    },
   
    {
      "name": "Naveen",
      "sex": "M",
      "dob": "3-7-1998",
      "salary": "78000",
      "department": "Sales",
      "active": true,
      "id": 11
    }
  ]
}